,mean,std,min,max
0,14.281611854434793,15.604052850455663,0.16633644022136296,59.06234751344344
