,mean,std,min,max
0,0.711131414314927,0.8526989165861011,0.0,4.1543468294396035
