,mean,std,min,max
0,0.1839833795121166,0.21367919718181763,5.791240723596047e-05,1.0800005264260908
