,pulse 0,pulse 1,drug concentration
0,130.10000000000002,130.10000000000002,0.0
1,130.10000000000002,130.10000000000002,0.1
2,130.2,130.2,1.0
3,132.5,132.5,30.0
4,148.10000000000002,148.10000000000002,300.0
5,176.3,176.3,1000.0
6,304.5,304.5,10000.0
7,463.8,463.8,100000.0
