,pulse 0,pulse 1,drug concentration
0,130.10000000000002,130.10000000000002,0.0
1,130.10000000000002,130.10000000000002,0.1
2,130.2,130.2,1.0
3,131.60000000000002,131.60000000000002,30.0
4,146.5,146.5,300.0
5,181.4,181.4,1000.0
6,344.0,344.0,10000.0
7,544.5,544.5,100000.0
