,pulse 0,pulse 1,drug concentration
0,308.3,308.3,0.0
1,308.3,308.3,0.1
2,308.3,308.3,1.0
3,310.40000000000003,310.40000000000003,30.0
4,324.40000000000003,324.40000000000003,300.0
5,337.90000000000003,337.90000000000003,1000.0
6,348.6,348.6,10000.0
7,349.40000000000003,349.40000000000003,100000.0
