,pulse 0,pulse 1,drug concentration
0,200.8,200.8,0.0
1,203.20000000000002,203.20000000000002,0.1
2,222.5,222.5,1.0
3,345.8,345.8,10.0
4,484.70000000000005,484.70000000000005,30.0
5,871.3000000000001,491.20000000000005,100.0
6,941.9000000000001,516.9000000000001,300.0
7,949.9000000000001,497.40000000000003,500.0
8,804.3000000000001,341.2,1000.0
