,pulse 0,pulse 1,drug concentration
0,200.79370786918946,200.69339589335968,0.0
1,203.2900840972005,203.19031428578504,0.1
2,224.99786974673543,224.90146931113037,1.0
3,364.8455680246272,364.7473737956958,10.0
4,518.9785505879694,518.8887609814233,30.0
5,513.4136384589502,873.509834683323,100.0
6,469.65997702681216,,300.0
7,,356.0767476357629,500.0
8,341.5232402387176,,1000.0
