,pulse 0,pulse 1,drug concentration
0,200.8,200.8,0.0
1,203.3,203.3,0.1
2,225.0,225.0,1.0
3,364.8,364.8,10.0
4,519.0,519.0,30.0
5,513.4000000000001,873.6,100.0
6,469.70000000000005,949.9000000000001,300.0
7,826.9000000000001,356.2,500.0
8,341.5,799.7,1000.0
