,pulse 0,pulse 1,drug concentration
0,264.70000000000005,264.70000000000005,0.0
1,266.3,266.3,0.1
2,278.8,278.8,1.0
3,351.90000000000003,351.90000000000003,10.0
4,417.70000000000005,417.70000000000005,30.0
5,488.5,488.5,100.0
6,533.5,533.5,300.0
7,546.6,546.6,500.0
8,558.0,558.0,1000.0
