,pulse 0,pulse 1,drug concentration
0,264.70000000000005,264.70000000000005,0.0
1,265.1,265.1,0.1
2,268.70000000000005,268.70000000000005,1.0
3,298.1,298.1,10.0
4,341.1,341.1,30.0
5,413.6,413.6,100.0
6,481.5,481.5,300.0
7,506.5,506.5,500.0
8,531.2,531.2,1000.0
