,pulse 0,pulse 1,drug concentration
0,212.4,212.4,0.0
1,212.60000000000002,212.60000000000002,0.1
2,214.3,214.3,1.0
3,240.20000000000002,240.20000000000002,10.0
4,292.20000000000005,292.20000000000005,30.0
5,388.5,388.5,100.0
6,483.8,483.8,300.0
7,522.2,522.2,500.0
8,562.2,562.2,1000.0
