,pulse 0,pulse 1,drug concentration
0,260.9358130020337,260.83590699032925,0.0
1,261.8284263034096,261.7284151439423,0.1
2,269.09321644593166,268.99361445995225,1.0
3,303.8469803470147,303.7464511005094,10.0
4,323.9035355621539,323.80410408614216,30.0
5,336.50347299623434,336.4026494793967,100.0
6,341.14111019524495,341.0392397800801,300.0
7,342.14017943834966,342.0404132709343,500.0
8,342.91051588464876,342.80993647030715,1000.0
