,mean,std,min,max
0,0.08370120260607157,0.10443049036903461,5.988244171639678e-06,0.5863232109607566
