,pulse 0,pulse 1,drug concentration
0,210.5,210.5,0.0
1,211.9,211.9,0.1
2,223.9,223.9,1.0
3,297.3,297.3,10.0
4,368.3,368.3,30.0
5,451.1,451.1,100.0
6,510.70000000000005,510.70000000000005,300.0
7,530.1,530.1,500.0
8,548.2,548.2,1000.0
