,pulse 0,pulse 1,drug concentration
0,210.4567235567779,210.3567094258318,0.0
1,211.93698190069904,211.83690768587496,0.1
2,223.92168345393696,223.82169288590876,1.0
3,297.2744159434316,297.17436158292395,10.0
4,368.33296272623346,368.2328972818585,30.0
5,451.11238118797615,451.0118983106532,100.0
6,510.7242906154672,510.62410770591623,300.0
7,530.123483266867,530.0239892250232,500.0
8,548.2083775748403,548.1084596268277,1000.0
