,pulse 0,pulse 1,drug concentration
0,210.45683037710614,210.35672758711252,0.0
1,210.86034435167886,210.76034397262782,0.1
2,214.40085879000287,214.30088066762943,1.0
3,243.40722902686224,243.30721931315247,10.0
4,286.17766989375997,286.0777086286543,30.0
5,361.7474667779279,361.6474021964979,100.0
6,439.8802559829101,439.78040444226565,300.0
7,471.77538295348086,471.67523219202394,500.0
8,506.08913625066464,505.9891225444161,1000.0
