,pulse 0,pulse 1,drug concentration
0,210.5,210.5,0.0
1,210.9,210.9,0.1
2,214.4,214.4,1.0
3,243.4,243.4,10.0
4,286.20000000000005,286.20000000000005,30.0
5,361.70000000000005,361.70000000000005,100.0
6,439.90000000000003,439.90000000000003,300.0
7,471.8,471.8,500.0
8,506.1,506.1,1000.0
