,mean,std,min,max
0,0.13779806354024254,0.16304356543322293,5.216815665676222e-06,1.0741852557843559
