,mean,std,min,max
0,0.1960849323505684,0.22117972456137625,0.0,1.4440273650871938
