,qNet,drug concentration
0,0.526686612772752,0.0
1,0.5255849957427197,0.1
