,pulse 0,pulse 1,drug concentration
0,260.9,260.9,0.0
1,261.9,261.9,0.1
2,269.0,269.0,1.0
3,302.9,302.9,10.0
4,323.0,323.0,30.0
5,336.0,336.0,100.0
6,340.90000000000003,340.90000000000003,300.0
7,342.0,342.0,500.0
8,342.8,342.8,1000.0
