,qNet,drug concentration
0,0.526686612772752,0.0
1,0.525516886420198,0.1
