,pulse 0,pulse 1,drug concentration
0,260.9,260.9,0.0
1,261.8,261.8,0.1
2,269.1,269.1,1.0
3,303.8,303.8,10.0
4,323.90000000000003,323.90000000000003,30.0
5,336.5,336.5,100.0
6,341.1,341.1,300.0
7,342.1,342.1,500.0
8,342.90000000000003,342.90000000000003,1000.0
