,pulse 0,pulse 1,drug concentration
0,210.4567235567779,210.3567094258318,0.0
1,210.47528628261267,210.37527116825908,0.1
2,210.60390383691998,210.50389957575544,1.0
3,213.5622909065845,213.46218501002755,30.0
4,232.861173089406,232.76110880323455,300.0
5,265.9653911171509,265.8652978740865,1000.0
6,394.3227498770907,394.22276896613437,10000.0
7,517.8349296719854,517.735095049146,100000.0
