,pulse 0,pulse 1,drug concentration
0,210.5,210.5,0.0
1,210.5,210.5,0.1
2,210.60000000000002,210.60000000000002,1.0
3,213.60000000000002,213.60000000000002,30.0
4,232.9,232.9,300.0
5,266.0,266.0,1000.0
6,394.3,394.3,10000.0
7,517.8,517.8,100000.0
