,pulse 0,pulse 1,drug concentration
0,210.4567235567779,210.3567094258318,0.0
1,210.4632377654931,210.36321429623524,0.1
2,210.52759683932754,210.4275863234103,1.0
3,212.8937085197694,212.7938181703771,30.0
4,234.97790886127171,234.8778526447798,300.0
5,279.183038631681,279.0830219504102,1000.0
6,447.0895526276913,446.98943553468285,10000.0
7,560.9965901352566,560.8972132821666,100000.0
