,pulse 0,pulse 1,drug concentration
0,210.5,210.5,0.0
1,210.5,210.5,0.1
2,210.5,210.5,1.0
3,212.9,212.9,30.0
4,235.0,235.0,300.0
5,279.20000000000005,279.20000000000005,1000.0
6,447.1,447.1,10000.0
7,561.0,561.0,100000.0
