,Kmax,Ku,halfmax,n,Vhalf,error
2,433452688.0479298,0.0003260443854417,7987911143.157538,1.0047328231188226,-68.66529756588487,0.0393733144094048
1,334515901.1844912,0.0003260986957232,6166232131.772587,1.0047785632322437,-68.65563289697381,0.0393733193253127
0,682538.3268679888,0.0003262845293217,12572648.588573426,1.0046642322056398,-68.6706848616767,0.0393734826487011
