,Kmax,Ku,halfmax,n,Vhalf,error
0,49245148.36852373,9.404173255701606,6156886600.454877,0.8808294424364828,-17.106225771650234,0.029723464836018957
3,6427985.956104832,9.413014118668704,804079881.4754882,0.8809102203842732,-17.10743609044052,0.029723474131552314
4,5861675.929602718,9.421448814895683,732938379.943967,0.8808457097278013,-17.08985160297618,0.029723490744878636
1,3616023.57136457,9.358824007773203,452167323.7127772,0.8808415638328194,-17.083594461362033,0.029723496330054222
2,307013.46975684876,1.8258664475426651,38400933.18151425,0.880894738956305,-17.111691842124362,0.029724087096246146
