,Kmax,Ku,halfmax,n,Vhalf,error
0,21.99811100257193,0.0002826923623596,54.05588653682794,1.0407345728119566,-180.6797786823624,0.0430617549438964
1,21.993319915104617,0.0002829263546549,54.041365805233056,1.040693135172272,-199.25565450635736,0.0430617591978295
2,6043553920.0895815,0.0003154798167215,9035218221.12571,0.6188824125451194,-173.39697340874218,0.0533107888283227
