,Kmax,Ku,halfmax,n,Vhalf,error
0,6057203.874580791,9.999975423920068,9812883878.445513,0.9143461566596331,-75.68071579932884,0.012528288213085048
4,1858947.4192827276,9.99794203117182,3011887920.0404687,0.9143634455131884,-75.6854708096307,0.012528305400091927
2,1903809.5438228622,9.99977108632761,3083603492.1866946,0.9143237111461908,-75.67801237261735,0.012528312294643136
1,1803439.1595569327,9.997069495873774,2919734658.285696,0.9142969856595657,-75.69831201401544,0.012528313240383181
3,1670302.1619215012,9.996247946232197,2705380169.283947,0.9143233820715253,-75.67718467795565,0.012528319806078825
