,Kmax,Ku,halfmax,n,Vhalf,error
0,1045739431.3781633,9.422776312309198e-06,2356466245.6546807,2.9288183766838563,-21.059426847264298,0.01803884209267513
