,Kmax,Ku,halfmax,n,Vhalf,error
0,36.99084098756452,1.2720183984525926e-05,151.96886174639374,1.1783858867893018,-0.00010478389870547477,0.02177691310735662
4,37.03951468488175,1.2713839093732202e-05,152.1416330520206,1.1783025914936183,-3.4332527798304054e-05,0.021776923676814906
2,1275631.2867371382,1.3016320012231373e-05,4312181.815352315,1.0330257625780974,-1.0496586097242805e-06,0.022700833123026072
3,23177546.369694855,1.3016053019343226e-05,78355089.17324917,1.0330480523472392,-8.437849319262378e-05,0.02270087681252606
1,2657055490.2122416,1.3014125806851596e-05,8980950676.24596,1.032987377112486,-1.9547043268673484e-07,0.022700878638966034
