,Kmax,Ku,halfmax,n,Vhalf,error
2,26.792262094591447,9.9443945532767,403203.3853688871,1.0831114817189362,-78.48347721348438,0.0222577011340432
1,26.792002909139278,9.988582399224937,403460.5478001797,1.083191158595955,-78.49210813857349,0.0222577024028119
0,26.80693168094832,9.985076207062145,403113.9031104887,1.083040885884408,-78.50008275025016,0.022257707242937
