,Kmax,Ku,halfmax,n,Vhalf,error
0,13982457.793750837,9.98064632860389,2037554589.8804626,0.8823115772580308,-84.84316898569341,0.016338451504352293
2,4275352.289643469,9.996018772782506,622996368.7653375,0.8822961474238848,-84.82909456417815,0.016338461233501668
1,8169706.160484361,9.98406522195615,1190261764.347284,0.8822683056474601,-84.82471700132481,0.016338464961320923
4,5553619.712116556,9.999333173229433,809480133.5265908,0.8823337779450066,-84.8351268426829,0.016338466414791676
3,4866700.024854548,9.999908149252224,709161088.3750095,0.8823157976076739,-84.85470758406035,0.016338470516123523
