,Kmax,Ku,halfmax,n,Vhalf,error
2,99.53995953204242,7.718047372530346,9474.859734469788,0.8634433025131617,-79.56037363138427,0.0189610006615323
0,43070260.111525685,7.925933180470798,2891438763.820519,0.8015578186498512,-80.23446917195845,0.0198289034138508
1,98933817.0394682,8.496261717958541,6642824447.23643,0.8015769797208405,-80.22859387543933,0.0198289123307701
