,Kmax,Ku,halfmax,n,Vhalf,error
1,91.96180133261406,9.981746564884252,122230.04734084064,0.9505085641668569,-110.49600863662754,0.011971398483923777
2,92.06854180019516,9.927112574853176,122388.46472273674,0.9506387456579155,-129.33420876932118,0.011971689276884929
4,4676264.299309622,9.997418290342532,3456129235.7657876,0.8774982075087217,-167.90748055615506,0.015197082949528758
0,10137071.347601574,9.997377694623317,7492586410.279761,0.8775076528587161,-153.73794526369514,0.015197148227096533
3,7862021.262272137,9.999951169048693,5806681920.573918,0.8774293638413355,-146.5727467545715,0.015197163534209579
