,Kmax,Ku,halfmax,n,Vhalf,error
2,5494733.694204315,0.017498870988712,9516501820.482294,0.7402311163395282,-69.88777526922203,0.0181067794712761
0,5641956.713407135,0.0174959900350706,9768375885.472204,0.7402012681570936,-69.88619865803963,0.0181067802381399
1,1061313.9185321385,0.0174992204415584,1837507332.7387512,0.7401975110382505,-69.88476167686991,0.0181068298391609
