,Kmax,Ku,halfmax,n,Vhalf,error
2,3493732685.0332074,5.513947331798445e-05,6877937543.432478,0.6684291379886438,-96.51091180348791,0.0304071321835457
1,10923756.213825112,5.514144974373903e-05,21506524.45289587,0.6684677068355224,-96.5579218453512,0.0304071387232769
0,1582409735.1402926,5.453965023843754e-05,3100456565.15436,0.6684631388168194,-99.53278506550652,0.0304080392599529
