,Kmax,Ku,halfmax,n,Vhalf,error
2,89389874.03438388,0.0009152196953099741,9460714731.869305,1.0439968163368643,-81.90773313819392,0.025291550090322305
0,81783864.71195246,0.000915677278789209,8653914539.35769,1.0439756023909212,-81.92336794107193,0.025291550972698168
1,42152271.05432656,0.0009154624694974623,4460161194.049884,1.0439758796539458,-81.92326930617236,0.02529155451669394
4,26996208.86269325,0.0009157010905327183,2857366367.3955007,1.0440077254704954,-81.91488168377623,0.02529155825461274
3,25239078.177546535,0.0009158989019793963,2671916344.4211435,1.0440465429341481,-81.91876745921263,0.025291563281846154
