,pulse 0,pulse 1,drug concentration
0,260.9,260.9,0.0
1,260.9,260.9,0.1
2,261.0,261.0,1.0
3,263.9,263.9,30.0
4,286.1,286.1,300.0
5,312.6,312.6,1000.0
6,340.6,340.6,10000.0
7,343.40000000000003,343.40000000000003,100000.0
