,mean,std,min,max
0,7.200615479798157,7.35304201341663,0.03581676398790634,34.36620868640935
