,pulse 0,pulse 1,drug concentration
0,282.3,282.3,0.0
1,283.0,283.0,0.1
2,288.9,288.9,1.0
3,315.2,315.2,10.0
4,329.7,329.7,30.0
5,338.6,338.6,100.0
6,341.90000000000003,341.90000000000003,300.0
7,342.6,342.6,500.0
8,343.1,343.1,1000.0
