,pulse 0,pulse 1,drug concentration
0,282.3,282.3,0.0
1,283.0,283.0,0.1
2,288.9,288.9,1.0
3,315.90000000000003,315.90000000000003,10.0
4,330.3,330.3,30.0
5,338.90000000000003,338.90000000000003,100.0
6,342.0,342.0,300.0
7,342.7,342.7,500.0
8,343.2,343.2,1000.0
