,mean,std,min,max
0,21.068318098518507,20.59759751058217,7.521144652855583e-05,88.37599744982639
