,pulse 0,pulse 1,drug concentration
0,265.545299888928,265.4451832690001,0.0
1,265.5618670091709,265.4617032811495,0.1
2,265.6763381530249,265.57651817348335,1.0
3,268.2599314604099,268.1599020197054,30.0
4,283.12094527796586,283.02062219696455,300.0
5,302.2883752268685,302.18831607396186,1000.0
6,337.6348919580197,337.53467349147206,10000.0
7,347.72118086197924,347.6210832933858,100000.0
