,pulse 0,pulse 1,drug concentration
0,265.5,265.5,0.0
1,265.6,265.6,0.1
2,265.70000000000005,265.70000000000005,1.0
3,268.3,268.3,30.0
4,283.1,283.1,300.0
5,302.3,302.3,1000.0
6,337.6,337.6,10000.0
7,347.7,347.7,100000.0
