,pulse 0,pulse 1,drug concentration
0,265.545299888928,265.4451832690001,0.0
1,265.5565192062259,265.45632283197796,0.1
2,265.66726837388416,265.5672900710283,1.0
3,269.61236017202384,269.51227176385584,30.0
4,297.0416595568888,296.9414640448051,300.0
5,324.80461031290855,324.7044328113964,1000.0
6,347.66651911089156,347.5664800843215,10000.0
7,349.2816678517345,349.1817657238065,100000.0
