,mean,std,min,max
0,1.5759966960096705,2.3950842919118553,1.51446605940464e-05,15.3059157227338
