,mean,std,min,max
0,25.561899661368905,22.76639504679801,0.0002998642725060563,79.87510244164301
