,mean,std,min,max
0,23.120000889076543,21.207556998404147,2.1735884985218945e-05,74.87917121156028
