,pulse 0,pulse 1,drug concentration
0,212.4,212.4,0.0
1,213.3,213.3,0.1
2,224.10000000000002,224.10000000000002,1.0
3,315.7,315.7,10.0
4,404.3,404.3,30.0
5,501.90000000000003,501.90000000000003,100.0
6,565.7,565.7,300.0
7,583.3000000000001,583.3000000000001,500.0
8,597.5,597.5,1000.0
