,qNet,drug concentration
0,0.10163249197082835,2
1,0.09719594936251633,4
2,0.09370616407092054,6
3,0.09095350000171293,8
