,pulse 0,pulse 1,drug concentration
0,212.4,212.4,0.0
1,212.8,212.8,0.1
2,216.9,216.9,1.0
3,260.0,260.0,10.0
4,312.3,312.3,30.0
5,366.1,366.1,100.0
6,391.1,391.1,300.0
7,396.40000000000003,396.40000000000003,500.0
8,400.3,400.3,1000.0
