,pulse 0,pulse 1,drug concentration
0,212.4,212.4,0.0
1,213.10000000000002,213.10000000000002,0.1
2,221.3,221.3,1.0
3,290.9,290.9,10.0
4,358.40000000000003,358.40000000000003,30.0
5,418.90000000000003,418.90000000000003,100.0
6,444.90000000000003,444.90000000000003,300.0
7,450.3,450.3,500.0
8,454.20000000000005,454.20000000000005,1000.0
