,qNet,drug concentration
0,0.10264883404367987,2
1,0.09920600657878895,4
2,0.09647060551334125,6
3,0.09426613467395627,8
