,pulse 0,pulse 1,drug concentration
0,265.5,265.5,0.0
1,266.9,266.9,0.1
2,276.6,276.6,1.0
3,315.3,315.3,10.0
4,333.5,333.5,30.0
5,343.8,343.8,100.0
6,347.40000000000003,347.40000000000003,300.0
7,348.2,348.2,500.0
8,348.8,348.8,1000.0
