,pulse 0,pulse 1,drug concentration
0,265.5,265.5,0.0
1,266.6,266.6,0.1
2,274.6,274.6,1.0
3,310.40000000000003,310.40000000000003,10.0
4,330.2,330.2,30.0
5,342.5,342.5,100.0
6,347.0,347.0,300.0
7,348.0,348.0,500.0
8,348.7,348.7,1000.0
