,mean,std,min,max
0,1.8742740206212436,2.5300805601996657,4.79605788683557e-06,12.610243554436181
