,pulse 0,pulse 1,drug concentration
0,265.4928976941845,265.49262229061486,0.054814080736720804
1,277.7740128735457,277.7745923382259,0.6998898493595562
2,377.76145865066917,377.76145710067647,8.93649590459128
3,640.0184586427787,640.0173625084694,114.10505987234394
4,,,1456.9462345843417
5,,,18603.49977876356
6,,,237632.29281769824
7,,,3049724.5967878047
8,,,41662794.49972338
9,,,4945727436.687763
