,pulse 0,pulse 1,drug concentration
0,260.935753573251,260.8355422519727,0.0
1,260.9477316995381,260.84734161017326,0.1
2,261.0277532892003,260.92775226033416,1.0
3,262.8561643836542,262.75634839141827,30.0
4,274.0261904738055,273.92667318075667,300.0
5,290.3412970473364,290.2416566724184,1000.0
6,328.08522128241157,327.98489245531147,10000.0
7,341.31365229931527,341.21474004580364,100000.0
