,pulse 0,pulse 1,drug concentration
0,200.5,200.5,0.0
1,200.5,200.5,0.1
2,200.6,200.6,1.0
3,203.0,203.0,30.0
4,225.10000000000002,225.10000000000002,300.0
5,269.6,269.6,1000.0
6,441.6,441.6,10000.0
7,593.0,593.0,100000.0
