,pulse 0,pulse 1,drug concentration
0,130.10000000000002,130.10000000000002,0.0
1,131.3,131.3,0.1
2,140.8,140.8,1.0
3,204.8,204.8,10.0
4,276.0,276.0,30.0
5,371.70000000000005,371.70000000000005,100.0
6,452.8,452.8,300.0
7,484.0,484.0,500.0
8,517.4000000000001,517.4000000000001,1000.0
