,pulse 0,pulse 1,drug concentration
0,130.10000000000002,130.10000000000002,0.0
1,130.5,130.5,0.1
2,133.60000000000002,133.60000000000002,1.0
3,159.8,159.8,10.0
4,198.20000000000002,198.20000000000002,30.0
5,269.3,269.3,100.0
6,353.6,353.6,300.0
7,393.1,393.1,500.0
8,441.3,441.3,1000.0
