,pulse 0,pulse 1,drug concentration
0,264.70000000000005,264.70000000000005,0.0
1,264.70000000000005,264.70000000000005,0.1
2,264.9,264.9,1.0
3,268.0,268.0,30.0
4,288.1,288.1,300.0
5,321.5,321.5,1000.0
6,440.70000000000005,440.70000000000005,10000.0
7,538.4000000000001,538.4000000000001,100000.0
