,pulse 0,pulse 1,drug concentration
0,212.4,212.4,0.0
1,212.5,212.5,0.1
2,212.5,212.5,1.0
3,215.70000000000002,215.70000000000002,30.0
4,242.9,242.9,300.0
5,292.5,292.5,1000.0
6,454.0,454.0,10000.0
7,577.5,577.5,100000.0
