,qNet,drug concentration
0,0.10266311880552077,81
1,0.09937657394158178,162
2,0.09669679808052761,243
3,0.09448272128715249,324
