,pulse 0,pulse 1,drug concentration
0,212.4,212.4,0.0
1,212.5,212.5,0.1
2,212.60000000000002,212.60000000000002,1.0
3,219.0,219.0,30.0
4,267.9,267.9,300.0
5,334.1,334.1,1000.0
6,528.0,527.9000000000001,10000.0
7,603.1,603.1,100000.0
