,qNet,drug concentration
0,0.10296567815679394,81
1,0.09982432607932132,162
2,0.0971783963426337,243
3,0.09493869488668491,324
