,mean,std,min,max
0,1.9132557739337128,1.7809181791798712,0.017641542121189735,7.241779946996644
