,pulse 0,pulse 1,drug concentration
0,282.3,282.3,0.0
1,282.3,282.3,0.1
2,282.3,282.3,1.0
3,283.8,283.8,30.0
4,292.9,292.9,300.0
5,305.70000000000005,305.70000000000005,1000.0
6,333.2,333.2,10000.0
7,342.1,342.1,100000.0
