,mean,std,min,max
0,4.312743232263429,4.832132844374837,0.004388014596997891,25.545824159
