,mean,std,min,max
0,0.11072831865135513,0.13790410812800247,1.0987804930806533e-05,0.6832395967531877
