,qNet,drug concentration
0,0.10964266985127047,81
1,0.10800847777611619,162
2,0.10657908976756306,243
3,0.10529575664114285,324
