,qNet,drug concentration
0,0.10938346857173155,81
1,0.10700657624321672,162
2,0.10469460029653146,243
3,0.10248323651832757,324
